Year,Gross profit
2004,367617908.5699997
2005,468683691.65000045
2006,623260572.4699981
2007,465272821.9899996
