Year,Revenue,Planned revenue,Product cost
2004,914352803.7199991,968475137.5200007,546734895.1499983
2005,1159195590.1599941,1218177466.5200007,690511898.5099983
2006,1495891100.900002,1560738879.839998,872630528.4300013
2007,1117336274.0700016,1171950878.0600019,652063452.08
